{
    "model_id": "openai/clip-vit-large-patch14-336",
    "dataset_config": {
        "dataset_root": "../flickr30k_images",
        "ann_file": "../flickr30k_images/results.csv",
        "max_samples": 1000,
        "batch_size": 16
    },
    "attack_configurations": [
        {
            "name": "FGSM",
            "epsilon": 0.03137254901960784,
            "alpha": 0.03137254901960784,
            "steps": 1,
            "decay": 0.0
        },
        {
            "name": "PGD",
            "epsilon": 0.03137254901960784,
            "alpha": 0.00784313725490196,
            "steps": 10,
            "decay": 0.0
        },
        {
            "name": "MI-FGSM",
            "epsilon": 0.03137254901960784,
            "alpha": 0.00784313725490196,
            "steps": 10,
            "decay": 1.0
        }
    ],
    "jpeg_quality": 75,
    "device": "cuda"
}